{
  "metrics": {
    "accuracy": 0.8949,
    "precision": 0.5157894736842106,
    "recall": 0.046489563567362426,
    "f1": 0.08529155787641428,
    "roc_auc": 0.7080105554261685
  }
}